{
	"pads": [
		{
			"attack": 0.00011000000085914508,
			"bus": -1,
			"channel": 0,
			"chokeGroup": 0,
			"end": 1401795,
			"eq": {
				"enabled": "false",
				"hi": {
					"freq": 8000.0,
					"gain": 0.0,
					"q": 1.0,
					"type": "highshelf"
				},
				"lo": {
					"freq": 100.0,
					"gain": 0.0,
					"q": 1.0,
					"type": "lowshelf"
				},
				"mid": {
					"freq": 1000.0,
					"gain": 0.0,
					"q": 1.0,
					"type": "peaking"
				}
			},
			"hasLoopPoint": "false",
			"label": "",
			"loopPoint": -1,
			"looping": "false",
			"muted": false,
			"oneshot": "true",
			"pad": "0",
			"pan": 0.5,
			"pingpong": "false",
			"pitch": 0.0,
			"release": 0.0,
			"reverse": "false",
			"sampleId": 143,
			"start": 0,
			"stretch": 1,
			"stretchLength": 0.0,
			"stretching": false,
			"tone": 0.0,
			"type": "sample",
			"vol": 1.0,
			"xfade": 200,
			"zoomEnd": 1401797,
			"zoomStart": 0
		},
		{
			"attack": 0.00011000000085914508,
			"bus": -1,
			"channel": 0,
			"chokeGroup": 0,
			"end": 535771,
			"eq": {
				"enabled": "false",
				"hi": {
					"freq": 8000.0,
					"gain": 0.0,
					"q": 1.0,
					"type": "highshelf"
				},
				"lo": {
					"freq": 100.0,
					"gain": 0.0,
					"q": 1.0,
					"type": "lowshelf"
				},
				"mid": {
					"freq": 1000.0,
					"gain": 0.0,
					"q": 1.0,
					"type": "peaking"
				}
			},
			"hasLoopPoint": "false",
			"label": "",
			"loopPoint": -1,
			"looping": "false",
			"muted": false,
			"oneshot": "true",
			"pad": "10",
			"pan": 0.5,
			"pingpong": "false",
			"pitch": 0.0,
			"release": 0.0,
			"reverse": "false",
			"sampleId": 145,
			"start": 785,
			"stretch": 1,
			"stretchLength": 16.0,
			"stretching": true,
			"tone": 0.0,
			"type": "sample",
			"vol": 0.8530980348587036,
			"xfade": 200,
			"zoomEnd": 535771,
			"zoomStart": 0
		},
		{
			"attack": 0.00011000000085914508,
			"bus": -1,
			"channel": 0,
			"chokeGroup": 0,
			"end": 10516,
			"eq": {
				"enabled": "false",
				"hi": {
					"freq": 8000.0,
					"gain": 0.0,
					"q": 1.0,
					"type": "highshelf"
				},
				"lo": {
					"freq": 100.0,
					"gain": 0.0,
					"q": 1.0,
					"type": "lowshelf"
				},
				"mid": {
					"freq": 1000.0,
					"gain": 0.0,
					"q": 1.0,
					"type": "peaking"
				}
			},
			"hasLoopPoint": "false",
			"label": "",
			"loopPoint": -1,
			"looping": "false",
			"muted": false,
			"oneshot": "true",
			"pad": "8",
			"pan": 0.5,
			"pingpong": "false",
			"pitch": 0.0,
			"release": 0.0,
			"reverse": "false",
			"sampleId": 146,
			"start": 0,
			"stretch": 1,
			"stretchLength": 0.0,
			"stretching": false,
			"tone": 0.0,
			"type": "sample",
			"vol": 1.0,
			"xfade": 200,
			"zoomEnd": 10516,
			"zoomStart": 0
		},
		{
			"attack": 0.00011000000085914508,
			"bus": -1,
			"channel": 0,
			"chokeGroup": 0,
			"end": 18446,
			"eq": {
				"enabled": "false",
				"hi": {
					"freq": 8000.0,
					"gain": 0.0,
					"q": 1.0,
					"type": "highshelf"
				},
				"lo": {
					"freq": 100.0,
					"gain": 0.0,
					"q": 1.0,
					"type": "lowshelf"
				},
				"mid": {
					"freq": 1000.0,
					"gain": 0.0,
					"q": 1.0,
					"type": "peaking"
				}
			},
			"hasLoopPoint": "false",
			"label": "",
			"loopPoint": -1,
			"looping": "false",
			"muted": false,
			"oneshot": "true",
			"pad": "9",
			"pan": 0.5,
			"pingpong": "false",
			"pitch": 0.0,
			"release": 0.0,
			"reverse": "false",
			"sampleId": 147,
			"start": 0,
			"stretch": 1,
			"stretchLength": 0.0,
			"stretching": false,
			"tone": 0.0,
			"type": "sample",
			"vol": 1.0,
			"xfade": 200,
			"zoomEnd": 18446,
			"zoomStart": 0
		},
		{
			"attack": 0.00011000000085914508,
			"bus": -1,
			"channel": 0,
			"chokeGroup": 1,
			"end": 18496,
			"eq": {
				"enabled": "false",
				"hi": {
					"freq": 8000.0,
					"gain": 0.0,
					"q": 1.0,
					"type": "highshelf"
				},
				"lo": {
					"freq": 100.0,
					"gain": 0.0,
					"q": 1.0,
					"type": "lowshelf"
				},
				"mid": {
					"freq": 1000.0,
					"gain": 0.0,
					"q": 1.0,
					"type": "peaking"
				}
			},
			"hasLoopPoint": "true",
			"label": "BASS BBQ.wav",
			"loopPoint": 6022,
			"looping": "true",
			"muted": false,
			"oneshot": "false",
			"pad": "14",
			"pan": 0.5,
			"pingpong": "false",
			"pitch": 0.0,
			"release": 0.191366508603096,
			"reverse": "false",
			"sampleId": 150,
			"start": 0,
			"stretch": 1,
			"stretchLength": 0.0,
			"stretching": false,
			"tone": 0.0,
			"type": "sample",
			"vol": 1.0,
			"xfade": 200,
			"zoomEnd": 35955,
			"zoomStart": 0
		},
		{
			"attack": 0.00011000000085914508,
			"bus": -1,
			"channel": 0,
			"chokeGroup": 1,
			"end": 35954,
			"eq": {
				"enabled": "false",
				"hi": {
					"freq": 8000.0,
					"gain": 0.0,
					"q": 1.0,
					"type": "highshelf"
				},
				"lo": {
					"freq": 100.0,
					"gain": 0.0,
					"q": 1.0,
					"type": "lowshelf"
				},
				"mid": {
					"freq": 1000.0,
					"gain": 0.0,
					"q": 1.0,
					"type": "peaking"
				}
			},
			"hasLoopPoint": "false",
			"label": "BASS BBQ.wav",
			"loopPoint": -1,
			"looping": "false",
			"muted": false,
			"oneshot": "true",
			"pad": "15",
			"pan": 0.5,
			"pingpong": "false",
			"pitch": 2.0,
			"release": 0.11706138402223587,
			"reverse": "false",
			"sampleId": 151,
			"start": 0,
			"stretch": 1,
			"stretchLength": 0.0,
			"stretching": false,
			"tone": 0.0,
			"type": "sample",
			"vol": 1.0,
			"xfade": 200,
			"zoomEnd": 35955,
			"zoomStart": 0
		},
		{
			"attack": 0.00011000000085914508,
			"bus": -1,
			"channel": 0,
			"chokeGroup": 0,
			"end": 1401795,
			"eq": {
				"enabled": "false",
				"hi": {
					"freq": 8000.0,
					"gain": 0.0,
					"q": 1.0,
					"type": "highshelf"
				},
				"lo": {
					"freq": 100.0,
					"gain": 0.0,
					"q": 1.0,
					"type": "lowshelf"
				},
				"mid": {
					"freq": 1000.0,
					"gain": 0.0,
					"q": 1.0,
					"type": "peaking"
				}
			},
			"hasLoopPoint": "false",
			"label": "",
			"loopPoint": -1,
			"looping": "false",
			"muted": false,
			"oneshot": "true",
			"pad": "1",
			"pan": 0.5,
			"pingpong": "false",
			"pitch": 0.0,
			"release": 0.0,
			"reverse": "false",
			"sampleId": 143,
			"start": 658702,
			"stretch": 1,
			"stretchLength": 0.0,
			"stretching": false,
			"tone": 0.0,
			"type": "sample",
			"vol": 1.0,
			"xfade": 200,
			"zoomEnd": 732902,
			"zoomStart": 622145
		}
	],
	"samples": [
		{
			"filename": "",
			"id": 151
		},
		{
			"filename": "",
			"id": 150
		},
		{
			"filename": "",
			"id": 147
		},
		{
			"filename": "",
			"id": 143
		},
		{
			"filename": "",
			"id": 146
		},
		{
			"filename": "",
			"id": 145
		}
	]
}
