{
	"beatsPerBar": 4,
	"bpm": 140.0,
	"currSequenceId": 2,
	"quantizeDivision": 16,
	"seqSnap": 0,
	"sequences": [
		{
			"pattern": {
				"notes": [
					{
						"chance": 1.0,
						"length": 8192,
						"num": 0,
						"pan": -1.0078740119934082,
						"pitch": 0.0,
						"start": 0.0,
						"subPad": -1,
						"timeOffset": 0,
						"vel": 110.0
					},
					{
						"chance": 1.0,
						"length": 8192,
						"num": 0,
						"pan": -1.0078740119934082,
						"pitch": 0.0,
						"start": 0.0,
						"subPad": -1,
						"timeOffset": 8192,
						"vel": 110.0
					}
				],
				"numBars": 1
			}
		},
		{
			"pattern": {
				"notes": [
					{
						"chance": 1.0,
						"length": 131072,
						"num": 0,
						"pan": -1.0078740119934082,
						"pitch": 0.0,
						"start": 0.0,
						"subPad": -1,
						"timeOffset": 0,
						"vel": 110.0
					},
					{
						"chance": 1.0,
						"length": 32075,
						"num": 14,
						"pan": -1.0078740119934082,
						"pitch": 0.0,
						"start": 0.0,
						"subPad": -1,
						"timeOffset": 0,
						"vel": 110.0
					},
					{
						"chance": 1.0,
						"length": 1948,
						"num": 8,
						"pan": -1.0078740119934082,
						"pitch": 0.0,
						"start": 0.0,
						"subPad": -1,
						"timeOffset": 0,
						"vel": 110.0
					},
					{
						"chance": 1.0,
						"length": 16384,
						"num": 10,
						"pan": -1.0078740119934082,
						"pitch": 0.0,
						"start": 0.0,
						"subPad": -1,
						"timeOffset": 0,
						"vel": 110.0
					},
					{
						"chance": 1.0,
						"length": 955,
						"num": 8,
						"pan": -1.0078740119934082,
						"pitch": 0.0,
						"start": 0.0,
						"subPad": -1,
						"timeOffset": 6144,
						"vel": 110.0
					},
					{
						"chance": 1.0,
						"length": 344,
						"num": 9,
						"pan": -1.0078740119934082,
						"pitch": 0.0,
						"start": 0.0,
						"subPad": -1,
						"timeOffset": 8192,
						"vel": 110.0
					},
					{
						"chance": 1.0,
						"length": 649,
						"num": 8,
						"pan": -1.0078740119934082,
						"pitch": 0.0,
						"start": 0.0,
						"subPad": -1,
						"timeOffset": 12288,
						"vel": 110.0
					},
					{
						"chance": 1.0,
						"length": 458,
						"num": 8,
						"pan": -1.0078740119934082,
						"pitch": 0.0,
						"start": 0.0,
						"subPad": -1,
						"timeOffset": 20480,
						"vel": 110.0
					},
					{
						"chance": 1.0,
						"length": 152,
						"num": 9,
						"pan": -1.0078740119934082,
						"pitch": 0.0,
						"start": 0.0,
						"subPad": -1,
						"timeOffset": 24576,
						"vel": 110.0
					},
					{
						"chance": 1.0,
						"length": 458,
						"num": 8,
						"pan": -1.0078740119934082,
						"pitch": 0.0,
						"start": 0.0,
						"subPad": -1,
						"timeOffset": 32768,
						"vel": 110.0
					},
					{
						"chance": 1.0,
						"length": 16384,
						"num": 10,
						"pan": -1.0078740119934082,
						"pitch": 0.0,
						"start": 0.0,
						"subPad": -1,
						"timeOffset": 32768,
						"vel": 110.0
					},
					{
						"chance": 1.0,
						"length": 2408,
						"num": 15,
						"pan": -1.0078740119934082,
						"pitch": 0.0,
						"start": 0.0,
						"subPad": -1,
						"timeOffset": 38912,
						"vel": 110.0
					},
					{
						"chance": 1.0,
						"length": 458,
						"num": 8,
						"pan": -1.0078740119934082,
						"pitch": 0.0,
						"start": 0.0,
						"subPad": -1,
						"timeOffset": 38912,
						"vel": 110.0
					},
					{
						"chance": 1.0,
						"length": 649,
						"num": 9,
						"pan": -1.0078740119934082,
						"pitch": 0.0,
						"start": 0.0,
						"subPad": -1,
						"timeOffset": 40960,
						"vel": 110.0
					},
					{
						"chance": 1.0,
						"length": 305,
						"num": 15,
						"pan": -1.0078740119934082,
						"pitch": 0.0,
						"start": 0.0,
						"subPad": -1,
						"timeOffset": 45056,
						"vel": 110.0
					},
					{
						"chance": 1.0,
						"length": 496,
						"num": 8,
						"pan": -1.0078740119934082,
						"pitch": 0.0,
						"start": 0.0,
						"subPad": -1,
						"timeOffset": 45056,
						"vel": 110.0
					},
					{
						"chance": 1.0,
						"length": 5120,
						"num": 14,
						"pan": -1.0078740119934082,
						"pitch": 0.0,
						"start": 0.0,
						"subPad": -1,
						"timeOffset": 53248,
						"vel": 110.0
					},
					{
						"chance": 1.0,
						"length": 496,
						"num": 9,
						"pan": -1.0078740119934082,
						"pitch": 0.0,
						"start": 0.0,
						"subPad": -1,
						"timeOffset": 57344,
						"vel": 110.0
					},
					{
						"chance": 1.0,
						"length": 5120,
						"num": 14,
						"pan": -1.0078740119934082,
						"pitch": 0.0,
						"start": 0.0,
						"subPad": -1,
						"timeOffset": 59392,
						"vel": 110.0
					},
					{
						"chance": 1.0,
						"length": 32075,
						"num": 14,
						"pan": -1.0078740119934082,
						"pitch": 0.0,
						"start": 0.0,
						"subPad": -1,
						"timeOffset": 65536,
						"vel": 110.0
					},
					{
						"chance": 1.0,
						"length": 649,
						"num": 8,
						"pan": -1.0078740119934082,
						"pitch": 0.0,
						"start": 0.0,
						"subPad": -1,
						"timeOffset": 65536,
						"vel": 110.0
					},
					{
						"chance": 1.0,
						"length": 16384,
						"num": 10,
						"pan": -1.0078740119934082,
						"pitch": 0.0,
						"start": 0.0,
						"subPad": -1,
						"timeOffset": 65536,
						"vel": 110.0
					},
					{
						"chance": 1.0,
						"length": 1024,
						"num": 8,
						"pan": -1.0078740119934082,
						"pitch": 0.0,
						"start": 0.0,
						"subPad": -1,
						"timeOffset": 71680,
						"vel": 110.0
					},
					{
						"chance": 1.0,
						"length": 726,
						"num": 9,
						"pan": -1.0078740119934082,
						"pitch": 0.0,
						"start": 0.0,
						"subPad": -1,
						"timeOffset": 73728,
						"vel": 110.0
					},
					{
						"chance": 1.0,
						"length": 305,
						"num": 8,
						"pan": -1.0078740119934082,
						"pitch": 0.0,
						"start": 0.0,
						"subPad": -1,
						"timeOffset": 77824,
						"vel": 110.0
					},
					{
						"chance": 1.0,
						"length": 496,
						"num": 8,
						"pan": -1.0078740119934082,
						"pitch": 0.0,
						"start": 0.0,
						"subPad": -1,
						"timeOffset": 83968,
						"vel": 110.0
					},
					{
						"chance": 1.0,
						"length": 458,
						"num": 8,
						"pan": -1.0078740119934082,
						"pitch": 0.0,
						"start": 0.0,
						"subPad": -1,
						"timeOffset": 86016,
						"vel": 110.0
					},
					{
						"chance": 1.0,
						"length": 496,
						"num": 9,
						"pan": -1.0078740119934082,
						"pitch": 0.0,
						"start": 0.0,
						"subPad": -1,
						"timeOffset": 90112,
						"vel": 110.0
					},
					{
						"chance": 1.0,
						"length": 496,
						"num": 8,
						"pan": -1.0078740119934082,
						"pitch": 0.0,
						"start": 0.0,
						"subPad": -1,
						"timeOffset": 92160,
						"vel": 110.0
					},
					{
						"chance": 1.0,
						"length": 344,
						"num": 8,
						"pan": -1.0078740119934082,
						"pitch": 0.0,
						"start": 0.0,
						"subPad": -1,
						"timeOffset": 98304,
						"vel": 110.0
					},
					{
						"chance": 1.0,
						"length": 16384,
						"num": 10,
						"pan": -1.0078740119934082,
						"pitch": 0.0,
						"start": 0.0,
						"subPad": -1,
						"timeOffset": 98304,
						"vel": 110.0
					},
					{
						"chance": 1.0,
						"length": 2408,
						"num": 15,
						"pan": -1.0078740119934082,
						"pitch": 0.0,
						"start": 0.0,
						"subPad": -1,
						"timeOffset": 104448,
						"vel": 110.0
					},
					{
						"chance": 1.0,
						"length": 458,
						"num": 8,
						"pan": -1.0078740119934082,
						"pitch": 0.0,
						"start": 0.0,
						"subPad": -1,
						"timeOffset": 104448,
						"vel": 110.0
					},
					{
						"chance": 1.0,
						"length": 344,
						"num": 9,
						"pan": -1.0078740119934082,
						"pitch": 0.0,
						"start": 0.0,
						"subPad": -1,
						"timeOffset": 106496,
						"vel": 110.0
					},
					{
						"chance": 1.0,
						"length": 305,
						"num": 15,
						"pan": -1.0078740119934082,
						"pitch": 0.0,
						"start": 0.0,
						"subPad": -1,
						"timeOffset": 110592,
						"vel": 110.0
					},
					{
						"chance": 1.0,
						"length": 496,
						"num": 8,
						"pan": -1.0078740119934082,
						"pitch": 0.0,
						"start": 0.0,
						"subPad": -1,
						"timeOffset": 110592,
						"vel": 110.0
					},
					{
						"chance": 1.0,
						"length": 5120,
						"num": 14,
						"pan": -1.0078740119934082,
						"pitch": 0.0,
						"start": 0.0,
						"subPad": -1,
						"timeOffset": 118784,
						"vel": 110.0
					},
					{
						"chance": 1.0,
						"length": 496,
						"num": 8,
						"pan": -1.0078740119934082,
						"pitch": 0.0,
						"start": 0.0,
						"subPad": -1,
						"timeOffset": 118784,
						"vel": 110.0
					},
					{
						"chance": 1.0,
						"length": 178,
						"num": 9,
						"pan": -1.0078740119934082,
						"pitch": 0.0,
						"start": 0.0,
						"subPad": -1,
						"timeOffset": 122880,
						"vel": 110.0
					},
					{
						"chance": 1.0,
						"length": 5120,
						"num": 14,
						"pan": -1.0078740119934082,
						"pitch": 0.0,
						"start": 0.0,
						"subPad": -1,
						"timeOffset": 124928,
						"vel": 110.0
					}
				],
				"numBars": 8
			}
		},
		{
			"pattern": {
				"notes": [
					{
						"chance": 1.0,
						"length": 32075,
						"num": 14,
						"pan": -1.0078740119934082,
						"pitch": 0.0,
						"start": 0.0,
						"subPad": -1,
						"timeOffset": 0,
						"vel": 110.0
					},
					{
						"chance": 1.0,
						"length": 1948,
						"num": 8,
						"pan": -1.0078740119934082,
						"pitch": 0.0,
						"start": 0.0,
						"subPad": -1,
						"timeOffset": 0,
						"vel": 110.0
					},
					{
						"chance": 1.0,
						"length": 16384,
						"num": 10,
						"pan": -1.0078740119934082,
						"pitch": 0.0,
						"start": 0.0,
						"subPad": -1,
						"timeOffset": 0,
						"vel": 110.0
					},
					{
						"chance": 1.0,
						"length": 131072,
						"num": 1,
						"pan": -1.0078740119934082,
						"pitch": 0.0,
						"start": 0.0,
						"subPad": -1,
						"timeOffset": 0,
						"vel": 110.0
					},
					{
						"chance": 1.0,
						"length": 955,
						"num": 8,
						"pan": -1.0078740119934082,
						"pitch": 0.0,
						"start": 0.0,
						"subPad": -1,
						"timeOffset": 6144,
						"vel": 110.0
					},
					{
						"chance": 1.0,
						"length": 344,
						"num": 9,
						"pan": -1.0078740119934082,
						"pitch": 0.0,
						"start": 0.0,
						"subPad": -1,
						"timeOffset": 8192,
						"vel": 110.0
					},
					{
						"chance": 1.0,
						"length": 649,
						"num": 8,
						"pan": -1.0078740119934082,
						"pitch": 0.0,
						"start": 0.0,
						"subPad": -1,
						"timeOffset": 12288,
						"vel": 110.0
					},
					{
						"chance": 1.0,
						"length": 458,
						"num": 8,
						"pan": -1.0078740119934082,
						"pitch": 0.0,
						"start": 0.0,
						"subPad": -1,
						"timeOffset": 20480,
						"vel": 110.0
					},
					{
						"chance": 1.0,
						"length": 152,
						"num": 9,
						"pan": -1.0078740119934082,
						"pitch": 0.0,
						"start": 0.0,
						"subPad": -1,
						"timeOffset": 24576,
						"vel": 110.0
					},
					{
						"chance": 1.0,
						"length": 458,
						"num": 8,
						"pan": -1.0078740119934082,
						"pitch": 0.0,
						"start": 0.0,
						"subPad": -1,
						"timeOffset": 32768,
						"vel": 110.0
					},
					{
						"chance": 1.0,
						"length": 16384,
						"num": 10,
						"pan": -1.0078740119934082,
						"pitch": 0.0,
						"start": 0.0,
						"subPad": -1,
						"timeOffset": 32768,
						"vel": 110.0
					},
					{
						"chance": 1.0,
						"length": 2408,
						"num": 15,
						"pan": -1.0078740119934082,
						"pitch": 0.0,
						"start": 0.0,
						"subPad": -1,
						"timeOffset": 38912,
						"vel": 110.0
					},
					{
						"chance": 1.0,
						"length": 458,
						"num": 8,
						"pan": -1.0078740119934082,
						"pitch": 0.0,
						"start": 0.0,
						"subPad": -1,
						"timeOffset": 38912,
						"vel": 110.0
					},
					{
						"chance": 1.0,
						"length": 649,
						"num": 9,
						"pan": -1.0078740119934082,
						"pitch": 0.0,
						"start": 0.0,
						"subPad": -1,
						"timeOffset": 40960,
						"vel": 110.0
					},
					{
						"chance": 1.0,
						"length": 305,
						"num": 15,
						"pan": -1.0078740119934082,
						"pitch": 0.0,
						"start": 0.0,
						"subPad": -1,
						"timeOffset": 45056,
						"vel": 110.0
					},
					{
						"chance": 1.0,
						"length": 496,
						"num": 8,
						"pan": -1.0078740119934082,
						"pitch": 0.0,
						"start": 0.0,
						"subPad": -1,
						"timeOffset": 45056,
						"vel": 110.0
					},
					{
						"chance": 1.0,
						"length": 5120,
						"num": 14,
						"pan": -1.0078740119934082,
						"pitch": 0.0,
						"start": 0.0,
						"subPad": -1,
						"timeOffset": 53248,
						"vel": 110.0
					},
					{
						"chance": 1.0,
						"length": 496,
						"num": 9,
						"pan": -1.0078740119934082,
						"pitch": 0.0,
						"start": 0.0,
						"subPad": -1,
						"timeOffset": 57344,
						"vel": 110.0
					},
					{
						"chance": 1.0,
						"length": 5120,
						"num": 14,
						"pan": -1.0078740119934082,
						"pitch": 0.0,
						"start": 0.0,
						"subPad": -1,
						"timeOffset": 59392,
						"vel": 110.0
					},
					{
						"chance": 1.0,
						"length": 32075,
						"num": 14,
						"pan": -1.0078740119934082,
						"pitch": 0.0,
						"start": 0.0,
						"subPad": -1,
						"timeOffset": 65536,
						"vel": 110.0
					},
					{
						"chance": 1.0,
						"length": 649,
						"num": 8,
						"pan": -1.0078740119934082,
						"pitch": 0.0,
						"start": 0.0,
						"subPad": -1,
						"timeOffset": 65536,
						"vel": 110.0
					},
					{
						"chance": 1.0,
						"length": 16384,
						"num": 10,
						"pan": -1.0078740119934082,
						"pitch": 0.0,
						"start": 0.0,
						"subPad": -1,
						"timeOffset": 65536,
						"vel": 110.0
					},
					{
						"chance": 1.0,
						"length": 1024,
						"num": 8,
						"pan": -1.0078740119934082,
						"pitch": 0.0,
						"start": 0.0,
						"subPad": -1,
						"timeOffset": 71680,
						"vel": 110.0
					},
					{
						"chance": 1.0,
						"length": 726,
						"num": 9,
						"pan": -1.0078740119934082,
						"pitch": 0.0,
						"start": 0.0,
						"subPad": -1,
						"timeOffset": 73728,
						"vel": 110.0
					},
					{
						"chance": 1.0,
						"length": 305,
						"num": 8,
						"pan": -1.0078740119934082,
						"pitch": 0.0,
						"start": 0.0,
						"subPad": -1,
						"timeOffset": 77824,
						"vel": 110.0
					},
					{
						"chance": 1.0,
						"length": 496,
						"num": 8,
						"pan": -1.0078740119934082,
						"pitch": 0.0,
						"start": 0.0,
						"subPad": -1,
						"timeOffset": 83968,
						"vel": 110.0
					},
					{
						"chance": 1.0,
						"length": 458,
						"num": 8,
						"pan": -1.0078740119934082,
						"pitch": 0.0,
						"start": 0.0,
						"subPad": -1,
						"timeOffset": 86016,
						"vel": 110.0
					},
					{
						"chance": 1.0,
						"length": 496,
						"num": 9,
						"pan": -1.0078740119934082,
						"pitch": 0.0,
						"start": 0.0,
						"subPad": -1,
						"timeOffset": 90112,
						"vel": 110.0
					},
					{
						"chance": 1.0,
						"length": 496,
						"num": 8,
						"pan": -1.0078740119934082,
						"pitch": 0.0,
						"start": 0.0,
						"subPad": -1,
						"timeOffset": 92160,
						"vel": 110.0
					},
					{
						"chance": 1.0,
						"length": 344,
						"num": 8,
						"pan": -1.0078740119934082,
						"pitch": 0.0,
						"start": 0.0,
						"subPad": -1,
						"timeOffset": 98304,
						"vel": 110.0
					},
					{
						"chance": 1.0,
						"length": 16384,
						"num": 10,
						"pan": -1.0078740119934082,
						"pitch": 0.0,
						"start": 0.0,
						"subPad": -1,
						"timeOffset": 98304,
						"vel": 110.0
					},
					{
						"chance": 1.0,
						"length": 2408,
						"num": 15,
						"pan": -1.0078740119934082,
						"pitch": 0.0,
						"start": 0.0,
						"subPad": -1,
						"timeOffset": 104448,
						"vel": 110.0
					},
					{
						"chance": 1.0,
						"length": 458,
						"num": 8,
						"pan": -1.0078740119934082,
						"pitch": 0.0,
						"start": 0.0,
						"subPad": -1,
						"timeOffset": 104448,
						"vel": 110.0
					},
					{
						"chance": 1.0,
						"length": 344,
						"num": 9,
						"pan": -1.0078740119934082,
						"pitch": 0.0,
						"start": 0.0,
						"subPad": -1,
						"timeOffset": 106496,
						"vel": 110.0
					},
					{
						"chance": 1.0,
						"length": 305,
						"num": 15,
						"pan": -1.0078740119934082,
						"pitch": 0.0,
						"start": 0.0,
						"subPad": -1,
						"timeOffset": 110592,
						"vel": 110.0
					},
					{
						"chance": 1.0,
						"length": 496,
						"num": 8,
						"pan": -1.0078740119934082,
						"pitch": 0.0,
						"start": 0.0,
						"subPad": -1,
						"timeOffset": 110592,
						"vel": 110.0
					},
					{
						"chance": 1.0,
						"length": 5120,
						"num": 14,
						"pan": -1.0078740119934082,
						"pitch": 0.0,
						"start": 0.0,
						"subPad": -1,
						"timeOffset": 118784,
						"vel": 110.0
					},
					{
						"chance": 1.0,
						"length": 496,
						"num": 8,
						"pan": -1.0078740119934082,
						"pitch": 0.0,
						"start": 0.0,
						"subPad": -1,
						"timeOffset": 118784,
						"vel": 110.0
					},
					{
						"chance": 1.0,
						"length": 178,
						"num": 9,
						"pan": -1.0078740119934082,
						"pitch": 0.0,
						"start": 0.0,
						"subPad": -1,
						"timeOffset": 122880,
						"vel": 110.0
					},
					{
						"chance": 1.0,
						"length": 5120,
						"num": 14,
						"pan": -1.0078740119934082,
						"pitch": 0.0,
						"start": 0.0,
						"subPad": -1,
						"timeOffset": 124928,
						"vel": 110.0
					}
				],
				"numBars": 8
			}
		},
		{
			"pattern": {
				"notes": null,
				"numBars": 1
			}
		},
		{
			"pattern": {
				"notes": [
					{
						"chance": 1.0,
						"length": 1948,
						"num": 8,
						"pan": -1.0078740119934082,
						"pitch": 0.0,
						"start": 0.0,
						"subPad": -1,
						"timeOffset": 0,
						"vel": 110.0
					},
					{
						"chance": 1.0,
						"length": 16384,
						"num": 10,
						"pan": -1.0078740119934082,
						"pitch": 0.0,
						"start": 0.0,
						"subPad": -1,
						"timeOffset": 0,
						"vel": 110.0
					},
					{
						"chance": 1.0,
						"length": 955,
						"num": 8,
						"pan": -1.0078740119934082,
						"pitch": 0.0,
						"start": 0.0,
						"subPad": -1,
						"timeOffset": 6144,
						"vel": 110.0
					},
					{
						"chance": 1.0,
						"length": 344,
						"num": 9,
						"pan": -1.0078740119934082,
						"pitch": 0.0,
						"start": 0.0,
						"subPad": -1,
						"timeOffset": 8192,
						"vel": 110.0
					},
					{
						"chance": 1.0,
						"length": 649,
						"num": 8,
						"pan": -1.0078740119934082,
						"pitch": 0.0,
						"start": 0.0,
						"subPad": -1,
						"timeOffset": 12288,
						"vel": 110.0
					},
					{
						"chance": 1.0,
						"length": 458,
						"num": 8,
						"pan": -1.0078740119934082,
						"pitch": 0.0,
						"start": 0.0,
						"subPad": -1,
						"timeOffset": 20480,
						"vel": 110.0
					},
					{
						"chance": 1.0,
						"length": 152,
						"num": 9,
						"pan": -1.0078740119934082,
						"pitch": 0.0,
						"start": 0.0,
						"subPad": -1,
						"timeOffset": 24576,
						"vel": 110.0
					},
					{
						"chance": 1.0,
						"length": 458,
						"num": 8,
						"pan": -1.0078740119934082,
						"pitch": 0.0,
						"start": 0.0,
						"subPad": -1,
						"timeOffset": 32768,
						"vel": 110.0
					},
					{
						"chance": 1.0,
						"length": 16384,
						"num": 10,
						"pan": -1.0078740119934082,
						"pitch": 0.0,
						"start": 0.0,
						"subPad": -1,
						"timeOffset": 32768,
						"vel": 110.0
					},
					{
						"chance": 1.0,
						"length": 458,
						"num": 8,
						"pan": -1.0078740119934082,
						"pitch": 0.0,
						"start": 0.0,
						"subPad": -1,
						"timeOffset": 38912,
						"vel": 110.0
					},
					{
						"chance": 1.0,
						"length": 649,
						"num": 9,
						"pan": -1.0078740119934082,
						"pitch": 0.0,
						"start": 0.0,
						"subPad": -1,
						"timeOffset": 40960,
						"vel": 110.0
					},
					{
						"chance": 1.0,
						"length": 496,
						"num": 8,
						"pan": -1.0078740119934082,
						"pitch": 0.0,
						"start": 0.0,
						"subPad": -1,
						"timeOffset": 45056,
						"vel": 110.0
					},
					{
						"chance": 1.0,
						"length": 496,
						"num": 9,
						"pan": -1.0078740119934082,
						"pitch": 0.0,
						"start": 0.0,
						"subPad": -1,
						"timeOffset": 57344,
						"vel": 110.0
					},
					{
						"chance": 1.0,
						"length": 649,
						"num": 8,
						"pan": -1.0078740119934082,
						"pitch": 0.0,
						"start": 0.0,
						"subPad": -1,
						"timeOffset": 65536,
						"vel": 110.0
					},
					{
						"chance": 1.0,
						"length": 16384,
						"num": 10,
						"pan": -1.0078740119934082,
						"pitch": 0.0,
						"start": 0.0,
						"subPad": -1,
						"timeOffset": 65536,
						"vel": 110.0
					},
					{
						"chance": 1.0,
						"length": 1024,
						"num": 8,
						"pan": -1.0078740119934082,
						"pitch": 0.0,
						"start": 0.0,
						"subPad": -1,
						"timeOffset": 71680,
						"vel": 110.0
					},
					{
						"chance": 1.0,
						"length": 726,
						"num": 9,
						"pan": -1.0078740119934082,
						"pitch": 0.0,
						"start": 0.0,
						"subPad": -1,
						"timeOffset": 73728,
						"vel": 110.0
					},
					{
						"chance": 1.0,
						"length": 305,
						"num": 8,
						"pan": -1.0078740119934082,
						"pitch": 0.0,
						"start": 0.0,
						"subPad": -1,
						"timeOffset": 77824,
						"vel": 110.0
					},
					{
						"chance": 1.0,
						"length": 496,
						"num": 8,
						"pan": -1.0078740119934082,
						"pitch": 0.0,
						"start": 0.0,
						"subPad": -1,
						"timeOffset": 83968,
						"vel": 110.0
					},
					{
						"chance": 1.0,
						"length": 458,
						"num": 8,
						"pan": -1.0078740119934082,
						"pitch": 0.0,
						"start": 0.0,
						"subPad": -1,
						"timeOffset": 86016,
						"vel": 110.0
					},
					{
						"chance": 1.0,
						"length": 496,
						"num": 9,
						"pan": -1.0078740119934082,
						"pitch": 0.0,
						"start": 0.0,
						"subPad": -1,
						"timeOffset": 90112,
						"vel": 110.0
					},
					{
						"chance": 1.0,
						"length": 496,
						"num": 8,
						"pan": -1.0078740119934082,
						"pitch": 0.0,
						"start": 0.0,
						"subPad": -1,
						"timeOffset": 92160,
						"vel": 110.0
					},
					{
						"chance": 1.0,
						"length": 344,
						"num": 8,
						"pan": -1.0078740119934082,
						"pitch": 0.0,
						"start": 0.0,
						"subPad": -1,
						"timeOffset": 98304,
						"vel": 110.0
					},
					{
						"chance": 1.0,
						"length": 16384,
						"num": 10,
						"pan": -1.0078740119934082,
						"pitch": 0.0,
						"start": 0.0,
						"subPad": -1,
						"timeOffset": 98304,
						"vel": 110.0
					},
					{
						"chance": 1.0,
						"length": 458,
						"num": 8,
						"pan": -1.0078740119934082,
						"pitch": 0.0,
						"start": 0.0,
						"subPad": -1,
						"timeOffset": 104448,
						"vel": 110.0
					},
					{
						"chance": 1.0,
						"length": 344,
						"num": 9,
						"pan": -1.0078740119934082,
						"pitch": 0.0,
						"start": 0.0,
						"subPad": -1,
						"timeOffset": 106496,
						"vel": 110.0
					},
					{
						"chance": 1.0,
						"length": 496,
						"num": 8,
						"pan": -1.0078740119934082,
						"pitch": 0.0,
						"start": 0.0,
						"subPad": -1,
						"timeOffset": 110592,
						"vel": 110.0
					},
					{
						"chance": 1.0,
						"length": 496,
						"num": 8,
						"pan": -1.0078740119934082,
						"pitch": 0.0,
						"start": 0.0,
						"subPad": -1,
						"timeOffset": 118784,
						"vel": 110.0
					},
					{
						"chance": 1.0,
						"length": 178,
						"num": 9,
						"pan": -1.0078740119934082,
						"pitch": 0.0,
						"start": 0.0,
						"subPad": -1,
						"timeOffset": 122880,
						"vel": 110.0
					}
				],
				"numBars": 8
			}
		},
		{
			"pattern": {
				"notes": [
					{
						"chance": 1.0,
						"length": 32075,
						"num": 14,
						"pan": -1.0078740119934082,
						"pitch": 0.0,
						"start": 0.0,
						"subPad": -1,
						"timeOffset": 0,
						"vel": 110.0
					},
					{
						"chance": 1.0,
						"length": 1948,
						"num": 8,
						"pan": -1.0078740119934082,
						"pitch": 0.0,
						"start": 0.0,
						"subPad": -1,
						"timeOffset": 0,
						"vel": 110.0
					},
					{
						"chance": 1.0,
						"length": 16384,
						"num": 10,
						"pan": -1.0078740119934082,
						"pitch": 0.0,
						"start": 0.0,
						"subPad": -1,
						"timeOffset": 0,
						"vel": 110.0
					},
					{
						"chance": 1.0,
						"length": 955,
						"num": 8,
						"pan": -1.0078740119934082,
						"pitch": 0.0,
						"start": 0.0,
						"subPad": -1,
						"timeOffset": 6144,
						"vel": 110.0
					},
					{
						"chance": 1.0,
						"length": 344,
						"num": 9,
						"pan": -1.0078740119934082,
						"pitch": 0.0,
						"start": 0.0,
						"subPad": -1,
						"timeOffset": 8192,
						"vel": 110.0
					},
					{
						"chance": 1.0,
						"length": 649,
						"num": 8,
						"pan": -1.0078740119934082,
						"pitch": 0.0,
						"start": 0.0,
						"subPad": -1,
						"timeOffset": 12288,
						"vel": 110.0
					},
					{
						"chance": 1.0,
						"length": 458,
						"num": 8,
						"pan": -1.0078740119934082,
						"pitch": 0.0,
						"start": 0.0,
						"subPad": -1,
						"timeOffset": 20480,
						"vel": 110.0
					},
					{
						"chance": 1.0,
						"length": 152,
						"num": 9,
						"pan": -1.0078740119934082,
						"pitch": 0.0,
						"start": 0.0,
						"subPad": -1,
						"timeOffset": 24576,
						"vel": 110.0
					},
					{
						"chance": 1.0,
						"length": 458,
						"num": 8,
						"pan": -1.0078740119934082,
						"pitch": 0.0,
						"start": 0.0,
						"subPad": -1,
						"timeOffset": 32768,
						"vel": 110.0
					},
					{
						"chance": 1.0,
						"length": 16384,
						"num": 10,
						"pan": -1.0078740119934082,
						"pitch": 0.0,
						"start": 0.0,
						"subPad": -1,
						"timeOffset": 32768,
						"vel": 110.0
					},
					{
						"chance": 1.0,
						"length": 2408,
						"num": 15,
						"pan": -1.0078740119934082,
						"pitch": 0.0,
						"start": 0.0,
						"subPad": -1,
						"timeOffset": 38912,
						"vel": 110.0
					},
					{
						"chance": 1.0,
						"length": 458,
						"num": 8,
						"pan": -1.0078740119934082,
						"pitch": 0.0,
						"start": 0.0,
						"subPad": -1,
						"timeOffset": 38912,
						"vel": 110.0
					},
					{
						"chance": 1.0,
						"length": 649,
						"num": 9,
						"pan": -1.0078740119934082,
						"pitch": 0.0,
						"start": 0.0,
						"subPad": -1,
						"timeOffset": 40960,
						"vel": 110.0
					},
					{
						"chance": 1.0,
						"length": 305,
						"num": 15,
						"pan": -1.0078740119934082,
						"pitch": 0.0,
						"start": 0.0,
						"subPad": -1,
						"timeOffset": 45056,
						"vel": 110.0
					},
					{
						"chance": 1.0,
						"length": 496,
						"num": 8,
						"pan": -1.0078740119934082,
						"pitch": 0.0,
						"start": 0.0,
						"subPad": -1,
						"timeOffset": 45056,
						"vel": 110.0
					},
					{
						"chance": 1.0,
						"length": 5120,
						"num": 14,
						"pan": -1.0078740119934082,
						"pitch": 0.0,
						"start": 0.0,
						"subPad": -1,
						"timeOffset": 53248,
						"vel": 110.0
					},
					{
						"chance": 1.0,
						"length": 496,
						"num": 9,
						"pan": -1.0078740119934082,
						"pitch": 0.0,
						"start": 0.0,
						"subPad": -1,
						"timeOffset": 57344,
						"vel": 110.0
					},
					{
						"chance": 1.0,
						"length": 5120,
						"num": 14,
						"pan": -1.0078740119934082,
						"pitch": 0.0,
						"start": 0.0,
						"subPad": -1,
						"timeOffset": 59392,
						"vel": 110.0
					},
					{
						"chance": 1.0,
						"length": 32075,
						"num": 14,
						"pan": -1.0078740119934082,
						"pitch": 0.0,
						"start": 0.0,
						"subPad": -1,
						"timeOffset": 65536,
						"vel": 110.0
					},
					{
						"chance": 1.0,
						"length": 649,
						"num": 8,
						"pan": -1.0078740119934082,
						"pitch": 0.0,
						"start": 0.0,
						"subPad": -1,
						"timeOffset": 65536,
						"vel": 110.0
					},
					{
						"chance": 1.0,
						"length": 16384,
						"num": 10,
						"pan": -1.0078740119934082,
						"pitch": 0.0,
						"start": 0.0,
						"subPad": -1,
						"timeOffset": 65536,
						"vel": 110.0
					},
					{
						"chance": 1.0,
						"length": 1024,
						"num": 8,
						"pan": -1.0078740119934082,
						"pitch": 0.0,
						"start": 0.0,
						"subPad": -1,
						"timeOffset": 71680,
						"vel": 110.0
					},
					{
						"chance": 1.0,
						"length": 726,
						"num": 9,
						"pan": -1.0078740119934082,
						"pitch": 0.0,
						"start": 0.0,
						"subPad": -1,
						"timeOffset": 73728,
						"vel": 110.0
					},
					{
						"chance": 1.0,
						"length": 305,
						"num": 8,
						"pan": -1.0078740119934082,
						"pitch": 0.0,
						"start": 0.0,
						"subPad": -1,
						"timeOffset": 77824,
						"vel": 110.0
					},
					{
						"chance": 1.0,
						"length": 496,
						"num": 8,
						"pan": -1.0078740119934082,
						"pitch": 0.0,
						"start": 0.0,
						"subPad": -1,
						"timeOffset": 83968,
						"vel": 110.0
					},
					{
						"chance": 1.0,
						"length": 458,
						"num": 8,
						"pan": -1.0078740119934082,
						"pitch": 0.0,
						"start": 0.0,
						"subPad": -1,
						"timeOffset": 86016,
						"vel": 110.0
					},
					{
						"chance": 1.0,
						"length": 496,
						"num": 9,
						"pan": -1.0078740119934082,
						"pitch": 0.0,
						"start": 0.0,
						"subPad": -1,
						"timeOffset": 90112,
						"vel": 110.0
					},
					{
						"chance": 1.0,
						"length": 496,
						"num": 8,
						"pan": -1.0078740119934082,
						"pitch": 0.0,
						"start": 0.0,
						"subPad": -1,
						"timeOffset": 92160,
						"vel": 110.0
					},
					{
						"chance": 1.0,
						"length": 344,
						"num": 8,
						"pan": -1.0078740119934082,
						"pitch": 0.0,
						"start": 0.0,
						"subPad": -1,
						"timeOffset": 98304,
						"vel": 110.0
					},
					{
						"chance": 1.0,
						"length": 16384,
						"num": 10,
						"pan": -1.0078740119934082,
						"pitch": 0.0,
						"start": 0.0,
						"subPad": -1,
						"timeOffset": 98304,
						"vel": 110.0
					},
					{
						"chance": 1.0,
						"length": 2408,
						"num": 15,
						"pan": -1.0078740119934082,
						"pitch": 0.0,
						"start": 0.0,
						"subPad": -1,
						"timeOffset": 104448,
						"vel": 110.0
					},
					{
						"chance": 1.0,
						"length": 458,
						"num": 8,
						"pan": -1.0078740119934082,
						"pitch": 0.0,
						"start": 0.0,
						"subPad": -1,
						"timeOffset": 104448,
						"vel": 110.0
					},
					{
						"chance": 1.0,
						"length": 344,
						"num": 9,
						"pan": -1.0078740119934082,
						"pitch": 0.0,
						"start": 0.0,
						"subPad": -1,
						"timeOffset": 106496,
						"vel": 110.0
					},
					{
						"chance": 1.0,
						"length": 305,
						"num": 15,
						"pan": -1.0078740119934082,
						"pitch": 0.0,
						"start": 0.0,
						"subPad": -1,
						"timeOffset": 110592,
						"vel": 110.0
					},
					{
						"chance": 1.0,
						"length": 496,
						"num": 8,
						"pan": -1.0078740119934082,
						"pitch": 0.0,
						"start": 0.0,
						"subPad": -1,
						"timeOffset": 110592,
						"vel": 110.0
					},
					{
						"chance": 1.0,
						"length": 5120,
						"num": 14,
						"pan": -1.0078740119934082,
						"pitch": 0.0,
						"start": 0.0,
						"subPad": -1,
						"timeOffset": 118784,
						"vel": 110.0
					},
					{
						"chance": 1.0,
						"length": 496,
						"num": 8,
						"pan": -1.0078740119934082,
						"pitch": 0.0,
						"start": 0.0,
						"subPad": -1,
						"timeOffset": 118784,
						"vel": 110.0
					},
					{
						"chance": 1.0,
						"length": 178,
						"num": 9,
						"pan": -1.0078740119934082,
						"pitch": 0.0,
						"start": 0.0,
						"subPad": -1,
						"timeOffset": 122880,
						"vel": 110.0
					},
					{
						"chance": 1.0,
						"length": 5120,
						"num": 14,
						"pan": -1.0078740119934082,
						"pitch": 0.0,
						"start": 0.0,
						"subPad": -1,
						"timeOffset": 124928,
						"vel": 110.0
					}
				],
				"numBars": 8
			}
		},
		{
			"pattern": {
				"notes": null,
				"numBars": 1
			}
		},
		{
			"pattern": {
				"notes": null,
				"numBars": 1
			}
		},
		{
			"pattern": {
				"notes": null,
				"numBars": 1
			}
		},
		{
			"pattern": {
				"notes": null,
				"numBars": 1
			}
		},
		{
			"pattern": {
				"notes": null,
				"numBars": 1
			}
		},
		{
			"pattern": {
				"notes": null,
				"numBars": 1
			}
		},
		{
			"pattern": {
				"notes": null,
				"numBars": 1
			}
		},
		{
			"pattern": {
				"notes": null,
				"numBars": 1
			}
		},
		{
			"pattern": {
				"notes": null,
				"numBars": 1
			}
		},
		{
			"pattern": {
				"notes": null,
				"numBars": 1
			}
		},
		{
			"pattern": {
				"notes": null,
				"numBars": 1
			}
		},
		{
			"pattern": {
				"notes": null,
				"numBars": 1
			}
		},
		{
			"pattern": {
				"notes": null,
				"numBars": 1
			}
		},
		{
			"pattern": {
				"notes": null,
				"numBars": 1
			}
		},
		{
			"pattern": {
				"notes": null,
				"numBars": 1
			}
		},
		{
			"pattern": {
				"notes": null,
				"numBars": 1
			}
		},
		{
			"pattern": {
				"notes": null,
				"numBars": 1
			}
		},
		{
			"pattern": {
				"notes": null,
				"numBars": 1
			}
		},
		{
			"pattern": {
				"notes": null,
				"numBars": 1
			}
		},
		{
			"pattern": {
				"notes": null,
				"numBars": 1
			}
		},
		{
			"pattern": {
				"notes": null,
				"numBars": 1
			}
		},
		{
			"pattern": {
				"notes": null,
				"numBars": 1
			}
		},
		{
			"pattern": {
				"notes": null,
				"numBars": 1
			}
		},
		{
			"pattern": {
				"notes": null,
				"numBars": 1
			}
		},
		{
			"pattern": {
				"notes": null,
				"numBars": 1
			}
		},
		{
			"pattern": {
				"notes": null,
				"numBars": 1
			}
		}
	],
	"swing": 0.04220779240131378
}
